Date,PTTEP_Close_Price_THB,PTTEP_Adj_close_PriceTHB,BZF_Close_USD/barrel,CLF_Close__USD/barrel,WTI_Close_USD/barrel,Avg_Crude_Oil_Price_USD/barrel,USD/THB_Exchange_Rate,PTT_Close_Price_THB,EPS_THB,ROE_pct
2025-03-28,121.0,121.0,74.74,71.48,0.4382549309311553,77.954,33.98,32.0,19.86,14.67
2025-03-21,119.5,119.5,74.03,69.92,0.4637340162321402,76.908,34.01,32.5,19.86,14.67
2025-03-14,111.5,111.5,72.0,68.26,0.47000362924573563,72.972,33.55,30.75,19.86,14.67
2025-03-07,108.5,108.5,69.88,66.55,0.371563556432483,70.976,33.77,27.25,19.86,14.67
2025-02-28,105.5,105.5,69.46,66.36,0.36464311358790924,69.652,33.59,29.75,19.86,14.67
2025-02-21,110.0,105.49,74.04,70.35,0.5364933705145685,72.318,33.74,31.75,19.86,14.67
2025-02-14,125.5,120.35,76.48,72.57,0.62057648772511,79.352,33.73,31.5,19.86,14.67
2025-02-07,126.5,121.31,75.02,71.29,0.5128236264286637,79.158,34.0,30.25,19.86,14.67
2025-01-31,124.5,119.4,74.29,70.61,0.44468582126144574,78.072,33.55,30.25,19.86,14.67
2025-01-24,124.5,119.4,76.87,72.73,0.4762341789963717,79.022,33.72,31.0,19.86,14.67
2025-01-17,121.0,116.04,78.29,74.62,0.5423242908253617,78.334,33.871,30.5,19.86,14.67
2025-01-10,130.0,124.67,81.29,78.68,0.636576829071551,83.306,34.538,31.0,19.86,14.67
2025-01-03,122.0,117.0,76.92,73.92,0.5364933705145685,78.31,34.603,31.5,19.86,14.67
2024-12-27,124.5,119.4,75.93,73.13,0.5766133643039938,78.948,34.29,31.75,19.77,14.72
2024-12-20,119.5,114.6,73.26,69.62,0.45107561936021673,75.71,34.176,31.25,19.77,14.72
2024-12-13,119.0,114.12,72.88,69.91,0.3148107398400336,75.456,34.58,31.75,19.77,14.72
2024-12-06,123.0,117.96,73.41,70.02,0.5653138090500605,77.23,33.797,31.75,19.77,14.72
2024-11-29,128.0,122.75,72.09,68.3,0.5933268452777344,78.59,34.212,32.25,19.77,14.72
2024-11-22,127.5,122.27,73.09,68.88,0.6471032420585384,78.73,34.51,32.25,19.77,14.72
2024-11-15,127.5,122.27,74.23,70.1,0.6830968447064438,79.216,34.63,33.0,19.77,14.72
2024-11-08,120.5,115.56,72.56,68.7,0.712949807856125,75.872,34.95,32.5,19.77,14.72
2024-11-01,127.0,121.79,75.63,72.36,0.9001613499442714,79.848,34.348,33.5,19.77,14.72
2024-10-25,126.5,121.31,73.16,69.26,0.7561219797213337,78.472,33.749,33.5,19.77,14.72
2024-10-18,125.5,120.35,74.38,70.19,0.7514160886839212,78.508,33.778,33.5,19.77,14.72
2024-10-11,131.0,125.63,74.45,70.67,0.7371640659767196,80.768,33.177,33.75,19.77,14.72
2024-10-04,134.0,128.51,79.4,75.85,0.8064758658669485,84.0,33.52,33.5,19.77,14.72
2024-09-27,133.5,128.03,77.62,73.71,0.9932517730102834,83.112,32.891,33.5,19.77,14.72
2024-09-20,137.5,131.86,71.6,67.67,0.6981347220709843,82.128,32.77,33.5,19.77,14.72
2024-09-13,138.5,132.82,74.88,71.95,0.7466879474879751,84.052,33.373,33.0,19.77,14.72
2024-09-06,138.0,132.34,71.97,68.97,0.6626879730752367,82.644,33.79,33.0,19.77,14.72
2024-08-30,140.5,134.74,72.69,69.15,0.712949807856125,83.824,33.947,33.75,19.77,14.72
2024-08-23,142.0,136.18,79.94,75.91,0.85015092936961,87.274,34.043,33.5,19.77,14.72
2024-08-16,141.5,135.7,77.22,73.01,0.8064758658669485,85.934,34.29,34.25,19.77,14.72
2024-08-09,146.0,135.8,81.04,78.16,0.8285518175661483,88.658,35.067,33.75,19.77,14.72
2024-08-02,146.5,136.26,79.16,76.19,0.8064758658669485,88.07,35.58,32.0,19.77,14.72
2024-07-26,151.0,140.45,79.52,76.31,0.85015092936961,89.924,35.5,31.75,19.77,14.72
2024-07-19,144.0,133.94,82.37,78.28,0.85015092936961,88.186,36.098,31.75,19.77,14.72
2024-07-12,147.5,137.19,85.11,82.82,0.883767540168595,91.008,35.867,32.5,19.77,14.72
2024-07-05,151.0,140.45,85.4,82.62,0.8586616190375187,92.366,36.32,33.25,19.77,14.72
2024-06-28,152.0,141.38,87.34,83.88,0.8197798314933114,93.374,36.635,32.75,19.77,14.72
2024-06-21,153.5,142.78,86.39,81.74,0.7466879474879751,93.304,36.933,32.5,19.77,14.72
2024-06-14,151.0,140.45,85.71,82.17,0.7514160886839212,92.29,36.667,32.25,19.77,14.72
2024-06-07,150.5,139.99,82.75,78.62,0.7323678937132266,90.788,36.62,31.75,19.77,14.72
2024-05-31,151.5,140.92,79.87,75.55,0.7514160886839212,89.992,36.57,32.0,19.77,14.72
2024-05-24,156.5,145.57,81.86,77.91,0.7929925155296614,92.81,36.78,32.75,19.77,14.72
2024-05-17,154.0,143.24,81.36,76.87,0.7793248768009977,91.53,36.49,33.5,19.77,14.72
2024-05-10,154.5,143.71,83.27,79.23,0.8372475245337022,92.604,36.26,34.0,19.77,14.72
2024-05-03,152.5,141.85,83.88,79.26,0.8671004876833833,91.974,36.918,33.75,19.77,14.72
2024-04-26,150.5,139.99,83.67,78.95,0.8241754429663494,91.078,36.964,33.25,19.77,14.72
2024-04-19,157.0,146.03,89.01,83.57,0.8458682675776092,95.588,37.041,33.75,19.77,14.72
2024-04-12,164.0,152.54,87.11,82.73,0.8671004876833833,97.752,36.77,34.75,19.77,14.72
2024-04-05,158.0,146.96,89.74,85.02,0.9477893989335261,96.46,36.719,34.75,19.77,14.72
2024-03-29,157.5,146.5,90.65,86.59,1.007957920399979,96.796,36.582,34.5,19.77,14.72
2024-03-22,151.0,140.45,87.48,83.17,0.9745596399981308,92.95,36.4,33.75,19.77,14.72
2024-03-15,154.5,143.71,85.78,81.07,0.9555114450274363,93.532,35.917,34.25,19.77,14.72
2024-03-08,153.0,142.31,85.42,81.26,0.9202827531436925,92.9,35.613,34.75,19.77,14.72
2024-03-01,151.5,140.92,82.96,78.93,0.959350221334602,91.384,35.587,34.5,19.77,14.72
2024-02-23,151.0,140.45,83.62,78.26,1.1052568313867783,91.27,35.954,34.25,19.77,14.72
2024-02-16,154.0,138.39,83.67,78.61,1.1019400787607843,91.536,35.841,36.0,19.77,14.72
2024-02-09,152.0,136.59,82.86,78.03,1.144222799920162,90.524,36.055,34.75,19.77,14.72
2024-02-02,154.5,138.84,81.63,76.22,1.0543120297715298,90.812,35.482,34.75,19.77,14.72
2024-01-26,150.0,134.79,78.7,73.82,1.0715836162801904,88.046,35.549,34.25,19.77,14.72
2024-01-19,149.5,134.35,82.43,77.36,1.1568811967920856,89.364,35.71,34.25,19.77,14.72
2024-01-12,146.5,131.65,79.1,74.08,0.9516578757114463,86.784,35.575,33.75,19.77,14.72
2024-01-05,149.0,133.9,77.41,72.02,1.0715836162801904,87.05,35.013,35.0,19.52,14.72
2023-12-29,149.5,134.35,77.59,72.19,1.1410330045520618,87.352,34.44,35.5,19.52,15.36
2023-12-22,149.5,134.35,78.39,71.77,1.2029723039923526,87.468,34.195,35.75,19.52,15.36
2023-12-15,146.5,131.65,79.39,73.89,1.1969481893889715,86.948,34.953,35.0,19.52,15.36
2023-12-08,143.5,128.95,76.61,71.58,1.1969481893889715,84.79,35.087,35.75,19.52,15.36
2023-12-01,140.5,126.26,74.05,69.34,1.1537315878891892,82.664,35.197,35.5,19.52,15.36
2023-11-24,151.5,136.14,82.83,75.96,1.205970806988609,89.954,34.802,34.75,19.52,15.36
2023-11-17,159.5,143.33,81.37,77.1,1.244154593958768,92.954,35.238,34.25,19.52,15.36
2023-11-10,161.5,145.13,77.42,72.9,1.2919836816486494,92.118,35.501,34.5,19.52,15.36
2023-11-03,162.0,145.58,80.01,75.74,1.3164082336557241,93.412,35.53,33.25,19.52,15.36
2023-10-27,161.5,145.13,86.85,82.46,1.4586150226995167,96.048,36.013,33.5,19.52,15.36
2023-10-20,169.0,151.87,87.93,83.21,1.4011829736136412,99.214,36.22,32.75,19.52,15.36
2023-10-13,171.5,154.11,92.38,89.37,1.43746264769429,102.314,36.329,33.5,19.52,15.36
2023-10-06,169.0,151.87,86.0,82.91,1.3737155789130306,98.746,36.42,33.5,19.52,15.36
2023-09-29,161.5,145.13,84.07,82.31,1.3376291891386096,95.364,36.916,32.0,19.52,15.36
2023-09-22,170.5,153.22,95.38,91.71,1.4906543764441336,103.05,36.67,33.5,19.52,15.36
2023-09-15,165.5,148.72,93.3,89.63,1.4085449700547104,100.248,36.23,33.25,19.52,15.36
2023-09-08,167.0,150.07,93.7,90.16,1.4350845252893227,101.026,35.74,34.75,19.52,15.36
2023-09-01,167.0,150.07,89.92,86.87,1.4327007339340465,99.61,35.551,35.0,19.52,15.36
2023-08-25,158.5,142.43,86.86,83.63,1.4060969884160703,95.1,34.995,34.75,19.52,15.36
2023-08-18,157.5,141.53,83.36,79.05,1.3609765531356006,93.068,34.903,35.5,19.52,15.36
2023-08-11,158.0,138.35,84.12,80.39,1.4206957878372228,93.0,35.469,36.0,19.52,15.36
2023-08-04,166.5,145.79,86.4,82.82,1.3962446919730587,97.11,35.055,35.75,19.52,15.36
2023-07-28,159.5,139.66,85.14,81.55,1.415853163361435,93.994,34.45,34.75,19.52,15.36
2023-07-21,159.5,139.66,84.24,80.09,1.4350845252893227,93.538,34.224,34.75,19.52,15.36
2023-07-14,155.5,136.16,79.64,75.63,1.410986973710262,90.206,33.994,34.0,19.52,15.36
2023-07-07,157.0,137.47,81.36,76.89,1.4206957878372228,91.372,34.644,34.25,19.52,15.36
2023-06-30,151.0,132.22,76.52,71.8,1.3190856114264407,87.056,34.964,33.75,19.52,15.36
2023-06-23,148.5,130.03,74.34,69.86,1.358409157630355,85.324,35.59,32.75,19.52,15.36
2023-06-16,149.0,130.47,74.14,69.51,1.324418957401803,85.376,34.771,31.5,19.52,15.36
2023-06-09,151.0,132.22,75.67,70.62,1.4036429994545037,86.716,34.638,31.25,19.52,15.36
2023-06-02,152.0,133.09,75.96,71.29,1.4350845252893227,87.308,34.803,31.75,19.52,15.36
2023-05-26,139.0,121.71,74.28,70.1,1.358409157630355,81.796,34.63,30.0,19.52,15.36
2023-05-19,148.5,130.03,76.26,71.83,1.410986973710262,86.144,34.656,31.25,19.52,15.36
2023-05-12,148.5,130.03,75.86,71.86,1.415853163361435,86.074,34.25,31.5,19.52,15.36
2023-05-05,148.0,129.59,74.98,70.87,1.4036429994545037,85.502,33.63,32.25,19.52,15.36
2023-04-28,145.5,127.4,72.5,68.56,1.4134230285081433,83.614,33.85,30.5,19.52,15.36
2023-04-21,151.5,132.66,78.37,74.76,1.4398351280479205,88.302,34.13,30.75,19.52,15.36
2023-04-14,153.5,134.41,81.1,77.29,1.5195132049061133,90.174,34.421,30.5,19.52,15.36
2023-04-07,162.0,141.85,86.09,82.16,1.665818245870208,95.478,34.122,31.5,19.52,15.36
2023-03-31,159.5,139.66,85.12,80.7,1.6213664832993742,94.008,33.94,31.25,19.52,15.36
2023-03-24,151.5,132.66,79.27,74.37,1.6114359150967734,88.562,34.17,31.25,19.52,15.36
2023-03-17,142.5,124.78,75.91,69.96,1.5644405465033646,83.586,34.21,31.25,19.52,15.36
2023-03-10,136.0,119.08,74.7,68.35,1.547562508716013,80.566,34.56,29.75,19.52,15.36
2023-03-03,149.0,130.47,81.59,75.72,1.6882490928583902,88.438,35.043,31.0,19.52,15.36
2023-02-24,155.0,135.72,84.75,78.16,1.7749523509116738,91.906,34.688,31.5,19.52,15.36
2023-02-17,154.0,134.85,82.21,75.39,1.7101878155342434,90.396,34.65,32.25,19.52,15.36
2023-02-10,160.0,135.85,85.14,78.49,1.776645831418007,93.078,34.259,32.75,19.52,15.36
2023-02-03,163.0,138.4,84.5,78.06,1.7316555451583497,93.922,33.485,32.5,19.52,15.36
2023-01-27,170.0,144.34,82.17,75.88,1.7457155307266483,95.624,32.722,33.0,19.52,15.36
2023-01-20,171.0,145.19,87.47,81.01,1.8718021769015913,98.234,32.731,33.25,19.52,15.36
2023-01-13,172.0,146.04,86.16,80.33,1.7984040119467235,98.114,33.0,33.5,19.52,15.36
2023-01-06,169.0,143.5,84.03,78.39,1.776645831418007,96.166,33.362,33.75,19.52,15.36
2022-12-30,168.5,143.07,78.69,73.67,1.6331544390514163,93.81,33.888,32.25,22.63,15.18
2022-12-23,176.0,149.44,82.26,78.4,1.7209792871670078,98.338,34.7,32.75,22.63,15.18
2022-12-16,171.0,145.19,80.98,77.49,1.706564623164823,96.034,34.65,31.5,22.63,15.18
2022-12-09,173.0,146.89,81.21,76.11,1.7833912195575383,96.632,34.52,31.5,22.63,15.18
2022-12-02,172.5,146.47,76.15,71.46,1.7298840655099674,94.444,34.9,31.75,22.63,15.18
2022-11-25,186.0,157.93,86.88,81.22,1.8825138324965192,103.72,35.07,33.25,22.63,15.18
2022-11-18,190.0,161.33,85.41,77.94,1.9329696377795786,104.318,35.98,33.75,22.63,15.18
2022-11-11,187.0,158.78,89.78,81.64,1.979621206397625,104.888,35.802,33.0,22.63,15.18
2022-11-04,189.5,160.9,93.67,86.47,1.9960599327407849,107.58,36.86,34.25,22.63,15.18
2022-10-28,188.0,159.63,94.67,88.17,2.105352923464337,107.736,37.833,35.75,22.63,15.18
2022-10-21,176.0,149.44,96.96,89.08,2.048982334195127,103.848,37.7,35.5,22.63,15.18
2022-10-14,171.5,145.62,92.38,85.98,1.9974177062012453,100.57,38.3,34.75,22.63,15.18
2022-10-07,170.0,144.34,94.57,89.11,1.9892432737616872,101.066,37.89,34.5,22.63,15.18
2022-09-30,170.0,144.34,94.42,88.45,2.046401687601636,100.99,37.44,34.5,22.63,15.18
2022-09-23,161.0,136.7,88.49,81.23,1.7613002617433464,94.648,37.91,34.25,22.63,15.18
2022-09-16,173.5,147.32,90.46,83.49,1.7404661748405046,100.094,37.21,37.25,22.63,15.18
2022-09-09,167.0,141.8,90.84,85.1,1.9768549529047348,98.392,36.63,36.75,22.63,15.18
2022-09-02,160.0,135.85,89.15,83.54,1.8357763546448294,94.962,36.52,36.25,22.63,15.18
2022-08-26,166.0,140.95,92.36,86.61,1.7984040119467235,98.392,36.622,36.75,22.63,15.18
2022-08-19,168.0,142.65,99.34,92.52,1.9712993830601329,101.938,36.057,37.75,22.63,15.18
2022-08-12,155.0,128.07,96.59,90.5,1.8421356765531218,95.294,35.48,37.25,22.63,15.18
2022-08-05,158.0,130.55,99.6,94.34,1.8180767775454285,97.73,35.32,37.0,22.63,15.18
2022-07-29,154.5,127.66,94.12,88.54,1.4539530095937054,93.82,36.24,35.0,22.63,15.18
2022-07-22,162.5,134.27,107.14,96.42,1.556037135706985,101.014,36.637,34.75,22.63,15.18
2022-07-15,158.5,130.96,103.86,96.35,1.3812818192963463,98.73,36.665,34.25,22.63,15.18
2022-07-08,156.5,129.31,99.1,95.78,1.3164082336557241,96.884,36.232,33.75,22.63,15.18
2022-07-01,156.5,129.31,104.65,102.73,1.3937663759585917,99.444,36.155,34.75,22.63,15.18
2022-06-24,159.5,131.79,114.81,105.76,1.463255402256019,103.236,35.078,34.0,22.63,15.18
2022-06-17,154.0,127.24,110.05,104.27,1.5325568680981427,100.038,35.35,33.25,22.63,15.18
2022-06-10,166.0,137.16,119.81,117.59,1.890095369948917,109.436,34.836,34.75,22.63,15.18
2022-05-27,166.5,137.57,117.61,116.87,1.9837562915454279,109.164,34.363,38.0,22.63,15.18
2022-05-20,160.0,132.2,117.4,114.09,1.8389610707123492,105.996,34.24,37.0,22.63,15.18
2022-05-13,155.5,128.48,112.04,112.21,1.724550719534605,102.768,34.573,36.25,22.63,15.18
2022-05-06,149.5,123.52,107.45,106.13,1.62924053973028,98.34,34.627,36.5,22.63,15.18
2022-04-29,154.5,127.66,110.9,108.26,1.7457155307266483,101.41,34.05,37.5,22.63,15.18
2022-04-22,148.0,122.28,107.59,105.36,1.5851452198650557,97.622,34.349,37.25,22.63,15.18
2022-04-15,148.0,122.28,108.33,103.79,1.6213664832993742,97.492,33.781,37.75,22.63,15.18
2022-04-08,143.5,118.57,111.7,106.95,1.4816045409242156,97.024,33.455,37.0,22.63,15.18
2022-04-01,146.0,120.63,100.58,96.03,1.4422019930581866,93.494,33.571,38.25,22.63,15.18
2022-03-25,144.0,118.98,107.91,100.28,1.3402504226184837,94.998,33.319,38.5,22.63,15.18
2022-03-18,154.0,127.24,119.03,112.34,1.4445632692438664,103.37,33.626,39.5,22.63,15.18
2022-03-11,143.5,118.57,106.64,102.98,1.4996230464268938,95.234,33.342,39.25,22.63,15.18
2022-03-04,146.5,121.05,109.33,106.02,1.623340817603092,97.594,32.973,38.75,22.63,15.18
2022-02-25,150.5,124.35,110.46,107.67,1.6505798557652755,99.638,32.475,40.0,22.63,15.18
2022-02-18,132.5,109.48,99.08,92.81,1.541159071680806,87.708,32.271,38.75,22.63,15.18
2022-02-11,131.5,108.65,92.97,91.76,1.4973884086254774,85.87,32.3,40.0,22.63,15.18
2022-02-04,131.5,106.21,91.41,89.88,1.43746264769429,84.642,32.708,40.5,22.63,15.18
2022-01-28,129.0,104.19,91.11,90.27,1.4816045409242156,83.794,33.115,38.75,22.63,15.18
2022-01-21,127.0,102.58,89.34,86.61,1.4350845252893227,81.946,33.105,38.75,22.63,15.18
2022-01-14,128.0,103.38,88.38,86.9,1.4398351280479205,82.176,32.91,39.5,22.63,15.18
2022-01-07,123.5,99.75,84.47,82.12,1.4350845252893227,78.808,33.251,39.25,22.63,15.18
2021-12-31,119.5,96.52,81.99,79.46,1.3029127521808397,76.23,33.248,38.0,10.98,9.36
2021-12-24,118.0,95.31,79.32,76.99,1.1786549963416462,74.574,33.445,38.0,10.98,9.36
2021-12-17,118.0,95.31,76.85,73.79,1.1969481893889715,73.452,33.558,38.0,10.98,9.36
2021-12-10,119.5,96.52,75.02,72.38,1.184789984909162,73.338,33.396,37.5,10.98,9.36
2021-12-03,118.5,95.71,74.42,70.94,1.2725655957915476,72.628,33.44,37.5,10.98,9.36
2021-11-26,118.0,95.31,69.67,66.5,1.2237754316221157,70.576,33.73,37.25,10.98,9.36
2021-11-19,118.0,95.31,82.28,78.03,1.3110318766193438,75.466,33.37,37.75,10.98,9.36
2021-11-12,118.5,95.71,81.24,79.01,1.3297240096314962,75.648,32.621,37.75,10.98,9.36
2021-11-05,119.5,96.52,82.87,81.59,1.4182774069729414,76.922,32.837,38.0,10.98,9.36
2021-10-29,118.0,95.31,80.54,78.81,1.4134230285081433,75.354,33.25,37.5,10.98,9.36
2021-10-22,118.5,95.71,84.32,82.81,1.4422019930581866,77.114,33.292,38.25,10.98,9.36
2021-10-15,125.5,101.36,84.61,82.5,1.501852701754163,79.692,33.35,40.0,10.98,9.36
2021-10-08,123.5,99.75,84.0,81.31,1.423108334242607,78.542,33.17,39.5,10.98,9.36
2021-10-01,120.5,97.33,81.95,78.3,1.4085449700547104,76.434,33.8,39.5,10.98,9.36
2021-09-24,117.5,94.9,78.52,75.03,1.3137236682850553,73.934,33.936,39.0,10.98,9.36
2021-09-17,113.0,91.27,77.25,73.3,1.2119409739751128,71.636,33.427,40.0,10.98,9.36
2021-09-10,113.0,91.27,75.67,72.61,1.2178757094949273,71.186,32.85,39.75,10.98,9.36
2021-09-03,106.0,85.61,71.45,68.14,1.1474024528375417,66.87,32.75,37.25,10.98,9.36
2021-08-27,110.0,88.84,73.03,69.99,1.1969481893889715,69.034,32.28,38.0,10.98,9.36
2021-08-20,107.0,86.42,71.07,67.42,1.1378330018213911,67.006,32.735,37.0,10.98,9.36
2021-08-13,102.5,82.79,66.45,63.69,1.0043016091968684,63.632,33.305,35.25,10.98,9.36
2021-08-06,103.5,82.03,71.31,69.09,1.1786549963416462,65.836,33.098,34.5,10.98,9.36
2021-07-30,104.5,82.82,71.29,69.09,1.1505720275988207,66.172,33.14,34.5,10.98,9.36
2021-07-23,107.5,85.2,76.05,73.62,1.425515074273172,69.306,32.81,35.5,10.98,9.36
2021-07-16,108.5,85.99,73.79,71.91,1.366091653802371,68.822,32.85,36.25,10.98,9.36
2021-07-09,110.5,87.57,73.47,71.65,1.3812818192963463,69.434,32.603,37.25,10.98,9.36
2021-07-02,114.5,90.74,74.12,72.94,1.4838746894587547,71.342,32.34,37.25,10.98,9.36
2021-06-25,118.0,93.52,75.84,75.23,1.623340817603092,73.532,31.982,39.0,10.98,9.36
2021-06-18,120.0,95.1,75.56,73.3,1.5851452198650557,73.768,31.82,40.0,10.98,9.36
2021-06-11,120.5,95.5,73.08,71.04,1.4816045409242156,72.904,31.299,41.0,10.98,9.36
2021-06-04,120.0,95.1,72.52,70.29,1.5195132049061133,72.496,31.15,40.75,10.98,9.36
2021-05-28,120.5,95.5,71.31,68.81,1.4929040961781488,72.114,31.11,41.5,10.98,9.36
2021-05-21,117.0,92.72,69.46,66.85,1.3029127521808397,69.942,31.26,38.75,10.98,9.36
2021-05-14,116.0,91.93,65.11,62.05,1.3110318766193438,67.76,31.43,39.0,10.98,9.36
2021-05-07,119.5,94.71,67.05,63.82,1.2412685890696329,69.708,31.28,40.0,10.98,9.36
2021-04-30,119.5,94.71,68.09,64.71,1.2267122912954254,70.084,31.13,39.75,10.98,9.36
2021-04-23,118.0,93.52,68.56,65.01,1.235471471385307,69.706,31.324,40.5,10.98,9.36
2021-04-16,114.5,90.74,65.4,61.43,1.1249295969854831,67.03,31.31,39.0,10.98,9.36
2021-04-09,111.5,88.37,66.94,63.46,1.1908875647772805,66.712,31.312,39.0,10.98,9.36
2021-04-02,111.0,87.97,63.2,59.6,1.2725655957915476,65.068,31.361,39.0,10.98,9.36
2021-03-26,114.5,90.74,64.86,61.45,1.33500106673234,67.07,31.235,40.75,10.98,9.36
2021-03-19,114.0,90.35,61.95,58.56,1.2864740258376797,65.696,31.02,40.25,10.98,9.36
2021-03-12,116.5,92.33,63.28,60.0,1.297463147413275,67.154,30.67,40.5,10.98,9.36
2021-03-05,119.5,94.71,69.63,66.02,1.4350845252893227,70.812,30.689,41.5,10.98,9.36
2021-02-26,113.5,87.8,66.74,63.83,1.332366019094335,67.132,30.35,40.0,10.98,9.36
2021-02-19,115.0,88.96,66.88,63.53,1.199964782928397,67.538,30.037,40.0,10.98,9.36
2021-02-12,114.0,88.19,63.93,60.52,1.0612565021243408,65.906,29.991,40.5,10.98,9.36
2021-02-05,111.5,86.25,61.14,58.24,1.0367368849500223,63.99,29.88,40.25,10.98,9.36
2021-01-29,109.0,84.32,58.84,56.23,0.9820784724121582,62.212,29.979,38.25,10.98,9.36
2021-01-22,108.0,83.54,55.53,52.34,0.9555114450274363,60.402,30.0,38.5,10.98,9.36
2021-01-15,112.5,87.03,56.1,53.13,0.8241754429663494,62.208,29.944,40.75,10.98,9.36
2021-01-08,113.0,87.41,56.42,53.57,0.9202827531436925,62.582,29.99,44.0,10.98,9.36
2021-01-01,104.0,80.45,54.38,50.83,0.8712933659434193,58.41,29.92,42.5,10.98,9.36
2020-12-25,98.25,76.0,51.8,48.52,0.7747271675523681,55.348,29.919,42.5,5.65,6.39
2020-12-18,95.75,74.07,51.29,48.23,0.8329091229351039,54.328,30.19,41.25,5.65,6.39
2020-12-11,102.0,78.9,51.5,48.36,0.9162907318741551,56.652,29.965,42.25,5.65,6.39
2020-12-04,103.0,79.68,50.25,46.78,0.9783261227936078,56.474,30.039,43.0,5.65,6.39
2020-11-27,99.0,76.58,48.71,45.64,0.7323678937132266,54.402,30.193,42.25,5.65,6.39
2020-11-20,101.5,78.52,48.61,45.71,0.7561219797213337,55.294,30.29,42.0,5.65,6.39
2020-11-13,92.25,71.36,44.2,41.74,0.5538851132264376,50.258,30.33,37.75,5.65,6.39
2020-11-06,90.5,70.01,43.53,41.12,0.5007752879124892,49.362,30.251,37.25,5.65,6.39
2020-10-30,82.75,64.01,40.93,38.79,0.34358970439007686,45.578,31.0,34.0,5.65,6.39
2020-10-23,79.0,61.11,37.65,36.17,0.3852624007906449,43.08,31.25,31.0,5.65,6.39
2020-10-16,81.5,63.05,42.46,40.64,0.5364933705145685,45.872,31.19,32.25,5.65,6.39
2020-10-09,80.5,62.27,43.16,40.96,0.5538851132264376,45.726,31.21,33.0,5.65,6.39
2020-10-02,82.25,63.63,43.34,41.19,0.5933268452777344,46.444,31.193,33.0,5.65,6.39
2020-09-25,79.5,61.5,40.93,38.72,0.5933268452777344,44.492,31.61,33.0,5.65,6.39
2020-09-18,80.5,62.27,41.94,40.31,0.5766133643039938,45.36,31.559,32.5,5.65,6.39
2020-09-11,87.25,67.49,43.3,40.97,0.6729444732424258,48.194,31.1,35.75,5.65,6.39
2020-09-04,83.25,64.4,40.06,37.3,0.5877866649021191,45.362,31.26,35.25,5.65,6.39
2020-08-28,88.0,68.07,44.07,41.37,0.7323678937132266,48.718,31.33,36.0,5.65,6.39
2020-08-21,91.25,70.59,45.09,43.04,0.8197798314933114,50.448,31.234,37.25,5.65,6.39
2020-08-14,90.0,69.62,44.9,42.58,0.8544153281560676,49.89,31.3,36.25,5.65,6.39
2020-08-07,94.75,72.14,44.96,42.24,0.9122827104766164,51.316,31.07,38.25,5.65,6.39
2020-07-31,93.0,70.81,45.09,41.95,0.8671004876833833,50.646,31.024,38.75,5.65,6.39
2020-07-24,90.0,68.52,42.94,39.92,0.8197798314933114,48.73,31.422,38.0,5.65,6.39
2020-07-17,95.75,72.9,43.31,41.07,0.9082585601768908,51.102,31.621,39.75,5.65,6.39
2020-07-10,93.5,71.19,43.37,40.75,0.9439058989071284,50.276,31.53,38.25,5.65,6.39
2020-07-03,92.5,70.43,42.35,39.62,0.7654678421395714,49.41,31.17,39.25,5.65,6.39
2020-06-26,95.75,72.9,43.14,40.65,0.8153648132841944,50.94,31.022,39.0,5.65,6.39
2020-06-19,91.25,69.48,41.05,38.72,0.8796267475025636,48.582,30.862,37.25,5.65,6.39
2020-06-12,94.0,71.57,41.51,38.84,0.9669838461896731,49.71,31.11,37.75,5.65,6.39
2020-06-05,93.5,71.19,38.55,36.34,1.0152306797290584,48.468,31.108,38.5,5.65,6.39
2020-05-29,92.75,70.62,39.99,37.41,1.0367368849500223,48.718,31.56,38.0,5.65,6.39
2020-05-22,84.25,64.15,35.29,33.71,0.959350221334602,44.002,31.904,35.5,5.65,6.39
2020-05-15,89.0,67.76,36.06,33.92,0.9932517730102834,45.888,31.82,37.0,5.65,6.39
2020-05-08,81.75,62.24,31.13,27.56,0.9321640810304452,41.044,32.06,35.5,5.65,6.39
2020-05-01,82.5,62.81,29.46,23.55,0.9932517730102834,40.204,32.433,34.25,5.65,6.39
2020-04-24,84.5,64.34,25.27,18.84,1.0188473201992472,39.144,32.403,35.5,5.65,6.39
2020-04-17,76.0,57.86,21.33,16.5,0.9932517730102834,34.878,32.362,33.75,5.65,6.39
2020-04-10,74.0,56.34,27.82,19.87,0.6678293725756554,35.996,32.699,33.25,5.65,6.39
2020-04-03,79.75,60.72,31.48,22.76,0.8415671856782185,39.406,32.737,35.75,5.65,6.39
2020-03-27,75.25,57.29,29.94,25.32,0.5187937934151675,37.896,33.08,33.75,5.65,6.39
2020-03-20,67.25,51.2,26.34,22.6,0.5364933705145685,33.82,32.761,31.25,5.65,6.39
2020-03-13,55.0,41.88,28.47,25.22,0.4885800148186709,30.44,32.487,25.75,5.65,6.39
2020-03-06,60.0,45.68,33.22,31.5,0.34358970439007686,34.362,31.5,26.5,5.65,6.39
2020-02-28,109.5,83.37,49.99,45.9,0.8020015854720274,58.198,31.33,39.0,5.65,6.39
2020-02-21,115.0,87.56,52.18,47.09,1.0402767116551463,60.932,31.84,41.75,5.65,6.39
2020-02-14,126.0,95.93,59.31,53.78,1.275362800412609,67.72,31.21,44.75,5.65,6.39
2020-02-07,124.0,91.63,56.34,51.42,1.324418957401803,65.43,31.19,43.0,5.65,6.39
2020-01-31,125.5,92.74,54.93,50.95,1.4182774069729414,65.65,30.99,43.75,5.65,6.39
2020-01-24,126.0,93.11,58.29,52.14,1.4586150226995167,66.768,30.97,43.5,5.65,6.39
2020-01-17,129.0,95.33,62.04,55.59,1.5390154481375546,69.324,30.376,45.75,5.65,6.39
2020-01-10,131.5,97.18,64.62,58.52,1.667706820558076,71.424,30.276,46.0,5.65,6.39
2020-01-03,133.0,98.29,65.37,59.56,1.665818245870208,72.302,30.34,47.0,5.65,6.39
2019-12-27,127.5,94.22,66.25,61.18,1.6900958154515549,70.914,30.06,45.5,11.72,13.67
2019-12-20,125.0,92.37,67.92,61.68,1.7334238922150915,70.526,30.155,44.5,11.72,13.67
2019-12-13,124.5,92.0,66.54,61.22,1.691939133945844,69.938,30.213,44.25,11.72,13.67
2019-12-06,119.5,88.31,64.2,59.18,1.5282278570085572,67.16,30.23,42.75,11.72,13.67
2019-11-29,117.0,86.46,63.39,58.43,1.4586150226995167,65.916,30.28,42.25,11.72,13.67
2019-11-22,120.0,88.68,64.06,58.11,1.47932922708708,67.048,30.2349,43.5,11.72,13.67
2019-11-15,117.0,86.46,63.97,58.58,1.3937663759585917,66.008,30.183,43.25,11.72,13.67
2019-11-08,122.0,90.16,62.28,56.77,1.506297153514587,67.144,30.236,44.75,11.72,13.67
2019-11-01,125.0,92.37,62.29,57.15,1.4996230464268938,68.258,30.29,46.0,11.72,13.67
2019-10-25,120.5,89.05,60.23,54.18,1.3937663759585917,65.598,30.1827,45.25,11.72,13.67
2019-10-18,118.5,87.57,61.67,56.23,1.43746264769429,65.636,30.27,44.75,11.72,13.67
2019-10-11,117.0,86.46,59.91,53.93,1.423108334242607,64.29,30.36,44.25,11.72,13.67
2019-10-04,118.0,87.2,59.1,53.55,1.3987168811184478,64.38,30.311,44.5,11.72,13.67
2019-09-27,119.0,87.94,57.71,52.45,1.425515074273172,64.252,30.583,45.5,11.72,13.67
2019-09-20,123.5,91.26,62.74,56.41,1.506297153514587,67.684,30.58,46.0,11.72,13.67
2019-09-13,123.5,91.26,64.4,58.13,1.5665304114228238,68.416,30.54,45.25,11.72,13.67
2019-09-06,121.0,89.42,60.38,55.09,1.5260563034950492,66.098,30.562,45.5,11.72,13.67
2019-08-30,122.0,90.16,60.95,56.3,1.5107219394949427,66.788,30.527,44.25,11.72,13.67
2019-08-23,121.0,89.42,61.08,56.71,1.5216989981260935,66.558,30.62,43.25,11.72,13.67
2019-08-16,121.0,89.42,59.92,55.35,1.4838746894587547,66.02,30.774,42.25,11.72,13.67
2019-08-09,123.0,90.9,58.23,54.47,1.4279160358107101,66.154,30.83,42.25,11.72,13.67
2019-08-02,126.0,89.9,57.38,52.54,1.5260563034950492,66.084,30.794,44.25,11.72,13.67
2019-07-26,135.0,96.33,60.5,53.95,1.4929040961781488,70.046,30.676,47.25,11.72,13.67
2019-07-19,134.5,95.97,63.39,56.02,1.451613827240533,70.83,30.9,47.75,11.72,13.67
2019-07-12,134.5,95.97,61.93,55.3,1.5686159179138452,70.5,30.875,47.75,11.72,13.67
2019-07-05,136.0,97.04,66.52,60.2,1.5173226235262947,72.864,30.68,48.25,11.72,13.67
2019-06-28,132.5,94.54,63.82,57.34,1.4951487660319727,70.532,30.646,48.25,11.72,13.67
2019-06-21,136.0,97.04,66.55,59.43,1.5602476682433286,72.756,30.74,48.75,11.72,13.67
2019-06-14,135.0,96.33,64.45,56.65,1.5602476682433286,71.438,31.178,48.75,11.72,13.67
2019-06-07,127.0,90.62,61.31,52.28,1.5107219394949427,67.148,31.272,47.0,11.72,13.67
2019-05-31,125.0,89.19,61.67,52.59,1.4586150226995167,66.55,31.365,47.0,11.72,13.67
2019-05-24,126.5,90.26,66.87,56.59,1.4539530095937054,68.9,31.82,46.25,11.72,13.67
2019-05-17,130.0,92.76,67.76,57.91,1.4655675420143985,70.552,31.929,45.75,11.72,13.67
2019-05-10,128.5,91.69,72.62,62.87,1.6174060820832772,72.144,31.53,47.0,11.72,13.67
2019-05-03,128.0,91.33,70.39,61.7,1.6448050562713916,71.32,31.78,47.5,11.72,13.67
2019-04-26,133.5,95.26,70.75,61.81,1.667706820558076,73.324,31.949,49.0,11.72,13.67
2019-04-19,136.5,97.4,74.35,65.21,1.888583653863595,76.014,32.045,49.5,11.72,13.67
2019-04-12,132.0,94.19,71.97,64.0,1.864080130807681,73.722,31.78,48.75,11.72,13.67
2019-04-05,131.0,93.47,70.83,63.58,1.8976198599275322,73.11,31.74,48.25,11.72,13.67
2019-03-29,128.0,91.33,69.4,62.1,1.927164106234258,71.54,31.73,48.0,11.72,13.67
2019-03-22,125.5,89.55,67.82,59.3,1.9358598132018119,69.82,31.87,47.5,11.72,13.67
2019-03-15,124.0,88.48,67.86,59.98,1.951608170169951,69.472,31.64,48.25,11.72,13.67
2019-03-08,120.5,85.98,67.23,58.61,1.803358605071407,67.678,31.572,48.0,11.72,13.67
2019-03-01,122.5,87.41,66.3,56.66,1.5973653311998313,67.562,31.805,47.75,11.72,13.67
2019-02-22,124.5,88.83,66.03,57.22,1.6505798557652755,68.358,31.429,48.5,11.72,13.67
2019-02-15,126.0,89.9,67.07,56.96,1.631199404215613,69.008,31.1,48.75,11.72,13.67
2019-02-08,124.0,86.15,64.57,54.41,1.6154199841116479,66.832,31.35,48.25,11.72,13.67
2019-02-01,125.0,86.84,61.63,52.64,1.5432981099295553,66.158,31.207,49.0,11.72,13.67
2019-01-25,123.0,85.45,61.89,53.79,1.6174060820832772,65.834,31.235,48.5,11.72,13.67
2019-01-18,124.5,86.5,61.09,53.13,1.6752256529721035,66.112,31.677,49.0,11.72,13.67
2019-01-11,123.0,85.45,61.18,52.07,1.7083778602890038,65.444,31.639,47.25,11.72,13.67
2019-01-04,122.5,85.11,61.68,52.59,1.6956156086751528,65.466,31.888,48.75,11.72,13.67
2018-12-28,113.5,78.85,55.95,47.09,1.4816045409242156,59.958,32.27,45.5,9.21,9.28
2018-12-21,113.0,78.51,52.16,44.61,1.4011829736136412,58.468,32.68,45.5,9.21,9.28
2018-12-14,116.5,80.94,54.35,45.88,1.43746264769429,60.376,32.736,46.75,9.21,9.28
2018-12-07,125.0,86.84,61.45,52.58,1.6253112615903906,66.19,32.73,47.5,9.21,9.28
2018-11-30,138.5,96.22,60.06,51.49,1.7439688053917064,70.398,32.74,50.25,9.21,9.28
2018-11-23,129.0,89.62,59.51,51.45,1.7544036826842861,67.072,32.93,49.25,9.21,9.28
2018-11-16,128.0,88.93,63.48,54.63,1.7457155307266483,68.154,32.9,48.0,9.21,9.28
2018-11-09,132.0,91.71,66.62,56.46,1.8082887711792655,70.578,32.915,48.75,9.21,9.28
2018-11-02,140.0,97.27,70.65,60.67,1.8625285401162623,75.006,32.789,50.75,9.21,9.28
2018-10-26,138.0,95.88,75.5,63.69,1.9906103279732201,76.078,33.091,49.5,9.21,9.28
2018-10-19,137.5,95.53,76.89,67.33,1.9315214116032138,76.83,32.94,49.5,9.21,9.28
2018-10-12,143.5,99.7,79.29,68.65,2.033397603178429,79.756,32.518,51.0,9.21,9.28
2018-10-05,146.0,101.43,80.26,70.97,1.9837562915454279,81.186,32.96,51.0,9.21,9.28
2018-09-28,154.0,106.99,84.58,74.33,2.2181159363675955,85.818,32.522,53.0,9.21,9.28
2018-09-21,156.5,108.73,81.72,72.12,2.2071749081893874,85.632,32.44,54.0,9.21,9.28
2018-09-14,154.0,106.99,78.7,70.8,2.0268315914075385,83.616,32.391,53.5,9.21,9.28
2018-09-07,148.0,102.82,78.18,68.59,1.916922612182061,80.878,32.71,52.0,9.21,9.28
2018-08-31,140.5,97.61,76.5,67.77,1.8578592709325787,77.758,32.757,50.5,9.21,9.28
2018-08-24,142.5,99.0,77.77,70.25,1.9315214116032138,79.284,32.66,52.0,9.21,9.28
2018-08-17,140.0,97.27,74.73,67.83,1.8562979903656263,77.246,32.71,52.0,9.21,9.28
2018-08-10,135.0,93.79,71.43,65.46,1.7647307968401356,74.304,33.32,50.5,9.21,9.28
2018-08-03,141.5,97.1,72.07,66.81,1.864080130807681,76.786,33.18,52.5,9.21,9.28
2018-07-27,140.0,96.07,73.45,68.96,1.9629077254238845,77.12,33.149,52.0,9.21,9.28
2018-07-20,138.0,94.7,74.54,69.61,2.0014800002101243,76.85,33.2,51.75,9.21,9.28
2018-07-13,131.0,89.89,72.58,69.46,2.162172939277301,74.324,33.278,49.5,9.21,9.28
2018-07-06,134.0,91.95,74.45,70.33,2.0906287310704004,75.764,33.34,48.0,9.21,9.28
2018-06-29,132.5,90.92,77.39,72.94,1.9315214116032138,76.13,33.14,46.25,9.21,9.28
2018-06-22,136.0,93.33,77.85,73.45,1.969905654611529,77.56,33.01,47.5,9.21,9.28
2018-06-15,126.0,86.46,73.05,65.54,1.9021075263969205,71.55,32.82,47.5,9.21,9.28
2018-06-08,136.0,93.33,75.94,66.89,1.9329696377795786,75.814,32.11,51.0,9.21,9.28
2018-06-01,139.5,95.73,77.32,65.95,1.9035989509835904,77.042,31.89,52.25,9.21,9.28
2018-05-25,134.5,92.3,77.59,67.04,1.9242486522741338,75.656,32.03,52.25,9.21,9.28
2018-05-18,140.0,96.07,78.79,70.71,2.005525858729668,78.6,32.072,50.75,9.21,9.28
2018-05-11,147.5,101.22,79.3,71.49,2.1126345090356,81.556,31.98,57.25,9.21,9.28
2018-05-04,135.0,92.64,77.47,71.36,2.0095554142156695,76.786,32.173,56.0,9.21,9.28
2018-04-27,136.5,93.67,73.62,68.43,1.8531680973566984,75.72,31.77,57.5,9.21,9.28
2018-04-20,132.5,90.92,74.74,68.19,1.7833912195575383,74.46,31.52,56.5,9.21,9.28
2018-04-13,133.0,91.27,73.78,68.29,1.7749523509116738,74.448,31.19,58.0,9.21,9.28
2018-04-06,118.0,80.97,72.02,67.07,1.5933085305042167,68.596,31.127,55.0,9.21,9.28
2018-03-30,113.5,77.89,68.33,63.54,1.501852701754163,65.55,31.213,54.2,9.21,9.28
2018-03-23,114.5,78.57,70.27,64.94,1.4883995840570443,66.542,31.278,54.8,9.21,9.28
2018-03-16,116.0,79.6,68.91,64.3,1.4562867329399256,66.62,31.135,54.4,9.21,9.28
2018-03-09,116.0,79.6,65.12,61.19,1.358409157630355,65.16,31.144,55.8,9.21,9.28
2018-03-02,112.5,77.2,63.61,60.12,1.2892326482767593,63.412,31.307,53.2,9.21,9.28
2018-02-23,115.5,79.26,65.71,60.99,1.269760544863939,65.004,31.473,56.8,9.21,9.28
2018-02-16,115.0,78.92,66.39,62.77,1.4036429994545037,65.43,31.544,54.0,9.21,9.28
2018-02-09,112.5,77.2,64.33,61.34,1.3506671834767394,63.846,31.294,48.6,9.21,9.28
2018-02-02,113.5,76.07,64.81,61.15,1.3376291891386096,63.868,31.65,48.0,9.21,9.28
2018-01-26,121.5,81.43,69.08,65.8,1.5830939370944985,68.536,31.32,49.8,9.21,9.28
2018-01-19,117.5,78.75,70.42,65.51,1.6154199841116479,67.442,31.546,48.6,9.21,9.28
2018-01-12,114.0,76.41,69.31,63.95,1.5129270120532565,65.642,31.98,48.0,9.21,9.28
2018-01-05,108.5,72.72,69.26,63.8,1.5686159179138452,63.816,32.118,47.2,9.21,9.28
2017-12-29,106.0,71.04,68.07,62.01,1.4445632692438664,62.272,32.322,47.2,10.25,5.47
2017-12-22,99.25,66.52,66.72,59.84,1.2029723039923526,59.132,32.78,43.8,10.25,5.47
2017-12-15,99.5,66.69,64.9,58.36,1.1249295969854831,58.506,32.71,43.8,10.25,5.47
2017-12-08,94.0,63.0,63.31,57.04,1.0224509277025455,56.026,32.51,43.0,10.25,5.47
2017-12-01,93.25,62.5,62.2,56.69,1.1249295969854831,55.544,32.61,42.0,10.25,5.47
2017-11-24,91.25,61.16,63.57,57.4,1.144222799920162,55.304,32.57,41.2,10.25,5.47
2017-11-17,94.0,63.0,63.32,58.02,1.128171090909654,56.286,32.7,41.2,10.25,5.47
2017-11-10,92.0,61.66,61.36,55.14,1.1474024528375417,54.662,33.054,41.0,10.25,5.47
2017-11-03,93.5,62.67,63.93,57.17,1.1600209167967532,56.092,33.11,41.6,10.25,5.47
2017-10-27,87.75,58.81,60.62,54.54,1.1216775615991057,52.958,33.124,41.6,10.25,5.47
2017-10-20,86.0,57.64,59.3,52.64,1.075002423028976,51.702,33.15,41.0,10.25,5.47
2017-10-13,90.25,60.49,57.23,51.29,1.1631508098056809,52.492,33.13,41.6,10.25,5.47
2017-10-06,92.5,62.0,56.25,50.6,1.1085626195212777,52.876,33.162,42.4,10.25,5.47
2017-09-29,90.0,60.32,57.0,50.79,1.1786549963416462,52.272,33.36,41.8,10.25,5.47
2017-09-22,89.75,60.15,57.41,51.56,1.252762968495368,52.474,33.282,41.4,10.25,5.47
2017-09-15,90.75,60.82,56.43,50.55,1.0224509277025455,52.266,33.085,41.4,10.25,5.47
2017-09-08,89.25,59.82,55.47,49.89,0.9082585601768908,51.382,33.117,41.0,10.25,5.47
2017-09-01,90.5,60.66,54.49,49.09,0.6626879730752367,51.336,33.13,40.6,10.25,5.47
2017-08-25,87.5,58.64,52.38,47.23,0.6471032420585384,49.532,33.209,39.9,10.25,5.47
2017-08-18,85.75,57.47,52.04,47.43,0.6418538861723947,48.918,33.34,39.3,10.25,5.47
2017-08-11,84.25,56.47,51.03,47.09,0.6097655716208943,48.136,33.241,38.5,10.25,5.47
2017-08-04,86.0,56.65,51.9,48.59,0.6626879730752367,49.016,33.239,38.2,10.25,5.47
2017-07-28,87.5,57.64,52.01,49.03,0.6523251860396901,49.62,33.283,38.0,10.25,5.47
2017-07-21,87.75,57.8,51.49,49.04,0.6678293725756554,49.606,33.37,38.8,10.25,5.47
2017-07-14,84.5,55.66,49.3,46.79,0.712949807856125,47.658,33.582,37.8,10.25,5.47
2017-07-07,84.75,55.83,48.42,46.08,0.6575200029167941,47.402,33.938,37.6,10.25,5.47
2017-06-30,84.25,55.5,48.11,45.52,0.636576829071551,47.054,34.013,36.9,10.25,5.47
2017-06-23,86.75,57.14,47.42,44.93,0.688134638736401,47.646,33.939,37.5,10.25,5.47
2017-06-16,86.5,56.98,45.22,42.74,0.6312717768418578,46.664,33.965,37.8,10.25,5.47
2017-06-09,87.75,57.8,46.92,44.46,0.7080357930536959,47.792,33.88,38.0,10.25,5.47
2017-06-02,87.5,57.64,47.86,45.64,0.6678293725756554,48.118,34.03,38.2,10.25,5.47
2017-05-26,90.0,59.28,50.33,48.36,0.7275486072772777,50.008,34.041,39.0,10.25,5.47
2017-05-19,94.0,61.92,51.46,48.9,0.7514160886839212,51.68,34.301,39.4,10.25,5.47
2017-05-12,94.25,62.08,52.51,49.35,0.7747271675523681,52.072,34.458,39.2,10.25,5.47
2017-05-05,95.0,62.58,50.77,47.83,0.7466879474879751,51.658,34.76,38.6,10.25,5.47
2017-04-28,96.0,63.24,48.38,45.52,0.6312717768418578,51.004,34.55,39.0,10.25,5.47
2017-04-21,97.75,64.39,51.44,48.97,0.7080357930536959,52.916,34.46,38.8,10.25,5.47
2017-04-14,95.5,62.91,52.99,50.27,0.7747271675523681,52.768,34.377,39.2,10.25,5.47
2017-04-07,99.25,65.38,55.89,53.18,0.9122827104766164,55.238,34.386,39.7,10.25,5.47
2017-03-31,96.75,63.73,54.89,51.7,1.007957920399979,53.962,34.55,39.0,10.25,5.47
2017-03-24,93.0,61.26,52.96,50.35,1.0188473201992472,52.068,34.403,39.5,10.25,5.47
2017-03-17,91.25,60.11,50.56,47.7,1.0438040521731147,50.492,34.576,40.2,10.25,5.47
2017-03-10,91.25,60.11,51.74,48.75,1.0543120297715298,50.944,35.021,39.7,10.25,5.47
2017-03-03,89.5,58.95,52.19,49.28,0.9858167945227654,50.52,35.27,39.0,10.25,5.47
2017-02-24,93.25,61.42,55.08,52.61,1.0260415958332743,53.03,35.01,39.9,10.25,5.47
2017-02-17,92.5,60.93,56.58,54.45,0.9669838461896731,53.418,35.0,39.8,10.25,5.47
2017-02-10,92.5,60.93,55.65,53.36,1.0188473201992472,53.042,34.99,39.4,10.25,5.47
2017-02-03,94.5,60.67,55.63,53.0,1.0152306797290584,53.312,35.02,39.4,10.25,5.47
2017-01-27,97.5,62.59,56.56,53.54,1.0508216248317612,54.61,35.11,40.4,10.25,5.47
2017-01-20,98.5,63.24,56.24,53.78,1.1410330045520618,54.978,35.19,42.0,10.25,5.47
2017-01-13,94.25,60.51,54.16,51.37,1.1474024528375417,52.688,35.42,38.5,10.25,5.47
2017-01-06,96.75,62.11,56.01,53.01,1.184789984909162,54.23,35.41,38.3,10.25,5.47
2016-12-30,98.0,62.91,56.89,53.76,1.0681530811834012,54.894,35.787,38.7,2.82,3.15
2016-12-23,95.25,61.15,56.14,53.77,1.0543120297715298,53.836,35.99,37.5,2.82,3.15
2016-12-16,91.5,58.74,55.05,52.95,1.0715836162801904,52.232,35.945,36.3,2.82,3.15
2016-12-09,92.0,59.06,54.02,50.9,0.9202827531436925,51.698,35.597,36.2,2.82,3.15
2016-12-02,90.75,58.26,53.89,50.84,0.6626879730752367,51.136,35.59,36.2,2.82,3.15
2016-11-25,88.5,56.82,50.46,51.06,0.7419373447293773,49.788,35.685,36.4,2.82,3.15
2016-11-18,82.5,52.96,48.95,47.96,0.5306282510621704,46.814,35.69,34.9,2.82,3.15
2016-11-11,81.0,52.0,46.49,45.42,0.4252677354043441,45.288,35.438,34.0,2.82,3.15
2016-11-04,81.5,52.32,45.84,44.66,0.371563556432483,45.154,35.05,34.1,2.82,3.15
2016-10-28,82.25,52.8,46.35,44.66,0.30010459245033816,45.482,34.94,34.0,2.82,3.15
2016-10-21,83.0,53.28,50.47,49.72,0.45107561936021673,47.608,34.983,35.1,2.82,3.15
2016-10-14,85.5,54.89,51.38,50.43,0.44468582126144574,48.752,34.85,35.7,2.82,3.15
2016-10-07,80.5,51.68,52.03,50.44,0.4574248470388755,47.246,35.68,33.8,2.82,3.15
2016-09-30,83.0,53.28,52.51,50.44,0.5007752879124892,48.176,34.792,34.7,2.82,3.15
2016-09-23,81.75,52.48,49.24,47.83,0.5538851132264376,46.608,34.55,34.2,2.82,3.15
2016-09-16,81.25,52.16,47.65,46.32,0.4824261492442928,45.8,34.638,33.7,2.82,3.15
2016-09-09,76.5,49.11,46.59,43.91,0.47000362924573563,43.542,34.842,31.9,2.82,3.15
2016-09-02,78.5,50.4,49.99,47.62,0.598836501088704,45.666,34.605,33.3,2.82,3.15
2016-08-26,80.75,51.84,47.05,43.16,0.5068176023684519,44.892,34.62,34.5,2.82,3.15
2016-08-19,81.0,52.0,49.67,47.33,0.598836501088704,46.364,34.63,34.6,2.82,3.15
2016-08-12,82.5,52.96,50.89,48.22,0.636576829071551,47.292,34.625,34.7,2.82,3.15
2016-08-05,81.0,51.53,46.04,43.49,0.712949807856125,44.82,34.732,33.8,2.82,3.15
2016-07-29,79.5,50.57,44.29,41.93,0.6097655716208943,43.626,34.978,33.2,2.82,3.15
2016-07-22,83.0,52.8,42.7,41.14,0.712949807856125,44.336,34.875,33.4,2.82,3.15
2016-07-15,85.5,54.39,46.2,44.75,0.7793248768009977,46.604,35.025,33.6,2.82,3.15
2016-07-08,83.0,52.8,47.37,45.68,0.7608058290337602,46.198,35.157,32.4,2.82,3.15
2016-07-01,83.75,53.27,46.4,45.14,0.7747271675523681,46.146,35.169,31.4,2.82,3.15
2016-06-24,83.75,53.27,49.68,48.33,0.8415671856782185,47.47,35.113,31.3,2.82,3.15
2016-06-17,84.0,53.43,50.91,50.11,0.8329091229351039,48.15,35.161,32.4,2.82,3.15
2016-06-10,80.75,51.37,47.19,46.21,0.7227059828014898,45.516,35.218,31.3,2.82,3.15
2016-06-03,84.0,53.43,51.95,50.56,0.7608058290337602,48.416,35.068,31.9,2.82,3.15
2016-05-27,79.0,50.25,50.04,49.17,0.7227059828014898,46.104,35.643,30.5,2.82,3.15
2016-05-20,79.0,50.25,49.59,49.48,0.7747271675523681,46.098,35.611,30.5,2.82,3.15
2016-05-13,75.0,47.71,48.81,48.16,0.7030975114131134,44.34,35.698,30.3,2.82,3.15
2016-05-06,75.75,48.19,48.08,46.7,0.8197798314933114,44.198,35.233,30.5,2.82,3.15
2016-04-29,70.75,45.01,45.01,44.32,0.8415671856782185,41.482,35.098,29.3,2.82,3.15
2016-04-22,74.5,47.39,48.14,46.03,0.9360933591703348,43.722,35.099,30.3,2.82,3.15
2016-04-15,75.0,47.71,44.53,43.18,0.7701082216960737,42.516,34.861,31.3,2.82,3.15
2016-04-08,69.75,44.37,43.84,41.5,0.8329091229351039,40.352,35.044,28.6,2.82,3.15
2016-04-01,68.0,43.26,39.43,37.26,0.7227059828014898,38.002,35.183,27.2,2.82,3.15
2016-03-25,70.25,44.69,39.6,38.34,0.7839015438284094,39.014,35.222,28.0,2.82,3.15
2016-03-18,66.25,42.14,40.44,39.46,0.8796267475025636,38.14,35.205,28.5,2.82,3.15
2016-03-11,71.75,45.64,41.54,40.2,1.0224509277025455,40.382,34.978,27.8,2.82,3.15
2016-03-04,75.0,47.71,40.05,37.84,1.0577902941478545,40.696,35.248,27.5,2.82,3.15
2016-02-26,74.25,47.23,37.07,34.57,0.9783261227936078,39.156,35.513,27.2,2.82,3.15
2016-02-19,67.5,42.94,35.29,33.07,0.4762341789963717,36.082,35.679,26.1,2.82,3.15
2016-02-12,66.5,42.3,34.28,30.77,0.5007752879124892,35.1,35.58,25.0,2.82,3.15
2016-02-05,54.0,33.18,30.06,26.21,0.43178241642553783,28.998,35.276,22.8,2.82,3.15
2016-01-29,58.0,35.64,34.46,31.72,0.5877866649021191,32.324,35.642,23.8,2.82,3.15
2016-01-22,56.75,34.87,33.89,33.22,0.5933268452777344,32.108,35.795,23.5,2.82,3.15
2016-01-15,42.75,26.27,29.25,29.53,0.44468582126144574,25.872,36.242,20.4,2.82,3.15
2016-01-08,47.5,29.19,31.03,31.2,0.47000362924573563,28.104,36.269,21.9,2.82,3.15
2016-01-01,48.75,29.95,33.75,33.27,0.6575200029167941,29.53,36.205,20.9,2.82,3.15
2015-12-25,57.75,35.49,37.28,37.04,0.8372475245337022,33.974,35.996,24.5,-8.24,-7.73
2015-12-18,61.5,37.79,37.89,38.1,0.9631743177730056,35.58,36.031,25.0,-8.24,-7.73
2015-12-11,60.5,37.17,37.18,34.95,0.9122827104766164,34.458,35.939,24.2,-8.24,-7.73
2015-12-04,55.0,33.8,39.73,36.76,1.1505720275988207,33.69,35.954,23.2,-8.24,-7.73
2015-11-27,62.75,38.56,43.84,41.08,1.2809338454620642,37.966,35.821,25.7,-8.24,-7.73
2015-11-20,69.0,42.4,46.17,43.04,1.3001916620664788,40.856,35.625,26.8,-8.24,-7.73
2015-11-13,70.75,43.47,44.18,40.54,1.2267122912954254,40.47,35.93,26.9,-8.24,-7.73
2015-11-06,73.0,44.86,44.06,41.75,1.1878434223960523,41.39,35.819,28.3,-8.24,-7.73
2015-10-30,75.0,46.08,47.98,45.2,1.3297240096314962,43.608,35.473,29.4,-8.24,-7.73
2015-10-23,73.0,44.86,48.8,46.06,1.184789984909162,43.198,35.418,28.2,-8.24,-7.73
2015-10-16,72.75,44.7,48.08,45.38,1.2296405510745139,42.866,35.608,26.9,-8.24,-7.73
2015-10-09,74.5,45.78,48.71,46.38,1.244154593958768,43.768,35.358,26.5,-8.24,-7.73
2015-10-02,74.75,45.93,53.05,49.43,1.2892326482767593,45.358,35.865,26.6,-8.24,-7.73
2015-09-25,70.0,43.01,47.69,44.74,1.0647107369924282,41.668,36.328,24.1,-8.24,-7.73
2015-09-18,72.75,44.7,48.17,44.91,1.2267122912954254,42.788,36.158,24.7,-8.24,-7.73
2015-09-11,73.75,45.32,49.08,46.9,1.324418957401803,43.762,35.839,25.5,-8.24,-7.73
2015-09-04,76.75,47.16,48.89,45.92,1.1755733298042381,44.392,36.17,25.6,-8.24,-7.73
2015-08-28,73.5,45.16,50.68,46.75,1.2325602611778486,43.904,35.725,26.4,-8.24,-7.73
2015-08-21,75.0,46.08,47.56,42.56,1.095273387402595,42.838,35.59,25.9,-8.24,-7.73
2015-08-14,77.25,47.47,46.62,41.14,1.1085626195212777,43.102,35.526,25.8,-8.24,-7.73
2015-08-07,83.0,51.0,49.22,42.23,1.2237754316221157,45.77,35.214,30.0,-8.24,-7.73
2015-07-31,88.75,53.93,49.52,44.66,1.3056264580524357,48.11,35.132,31.6,-8.24,-7.73
2015-07-24,90.75,55.15,53.31,48.52,1.3937663759585917,50.352,34.952,31.7,-8.24,-7.73
2015-07-17,91.75,55.76,55.27,48.45,1.5085119938441398,51.15,34.673,31.9,-8.24,-7.73
2015-07-10,98.25,59.71,57.51,50.91,1.5151272329628591,54.186,34.176,33.9,-8.24,-7.73
2015-07-03,101.0,61.38,58.61,52.78,1.55814461804655,55.704,33.951,33.8,-8.24,-7.73
2015-06-26,107.0,65.02,62.07,56.93,1.6370530794670737,59.232,33.817,35.6,-8.24,-7.73
2015-06-19,114.0,69.28,63.2,59.7,1.747459210331475,62.384,33.753,36.7,-8.24,-7.73
2015-06-12,109.0,66.24,64.26,60.45,1.6900958154515549,61.074,33.613,35.5,-8.24,-7.73
2015-06-05,112.0,68.06,65.11,60.77,1.6863989535702288,62.268,33.592,34.3,-8.24,-7.73
2015-05-29,107.0,65.02,62.03,58.0,1.6544112780768316,59.456,33.662,33.7,-8.24,-7.73
2015-05-22,108.5,65.94,62.58,57.68,1.6467336971777973,59.978,33.773,35.0,-8.24,-7.73
2015-05-15,113.5,68.97,66.54,60.72,1.6900958154515549,63.03,33.554,36.5,-8.24,-7.73
2015-05-08,116.5,70.8,66.59,59.88,1.7191887763932197,63.87,33.514,35.2,-8.24,-7.73
2015-05-01,120.0,72.92,65.54,58.94,1.7457155307266483,64.626,33.262,35.9,-8.24,-7.73
2015-04-24,117.0,71.1,66.78,59.63,1.860974538249528,64.188,32.838,35.6,-8.24,-7.73
2015-04-17,119.0,72.32,64.85,57.74,1.8500283773520307,64.054,32.367,34.5,-8.24,-7.73
2015-04-10,122.0,74.14,60.4,56.71,1.925707441737794,64.022,32.419,35.5,-8.24,-7.73
2015-04-03,114.5,69.58,56.57,50.79,1.7647307968401356,59.456,32.522,33.2,-8.24,-7.73
2015-03-27,113.5,68.97,54.95,49.14,1.6770965609079151,58.382,32.445,32.8,-8.24,-7.73
2015-03-20,111.5,67.76,59.19,51.43,1.691939133945844,59.062,32.532,32.6,-8.24,-7.73
2015-03-13,107.5,65.33,54.43,43.96,1.631199404215613,55.266,32.689,32.7,-8.24,-7.73
2015-03-06,109.0,66.24,57.08,47.05,1.713797927758343,56.984,32.875,32.7,-8.24,-7.73
2015-02-27,111.5,67.76,60.48,50.76,1.8293763327993617,59.346,32.352,33.2,-8.24,-7.73
2015-02-20,115.5,70.19,60.05,48.17,1.7783364488959144,59.966,32.476,34.5,-8.24,-7.73
2015-02-13,113.5,68.97,60.21,51.16,1.8453002361560848,60.034,32.548,34.5,-8.24,-7.73
2015-02-06,116.0,69.61,57.05,51.21,1.814824742159051,60.002,32.648,35.9,-8.24,-7.73
2015-01-30,118.5,71.11,56.57,50.48,1.7783364488959144,60.516,32.556,37.4,-8.24,-7.73
2015-01-23,113.0,67.81,49.13,44.53,1.6034198401085373,55.888,32.517,35.0,-8.24,-7.73
2015-01-16,109.5,65.71,48.52,46.31,1.728109442151599,55.134,32.559,34.1,-8.24,-7.73
2015-01-09,106.5,63.91,47.67,46.25,1.7698546338400052,54.04,32.724,31.9,-8.24,-7.73
2015-01-02,110.0,66.01,50.96,48.79,1.8325814637483102,56.402,32.829,34.0,-8.24,-7.73
2014-12-26,112.0,67.21,57.33,53.27,1.9933388426264242,59.43,32.862,32.4,5.24,8.62695327102804
2014-12-19,115.0,69.01,60.24,55.84,2.0215475632609334,61.528,32.862,32.8,5.24,8.62695327102804
2014-12-12,117.5,70.51,59.27,54.11,1.9065751436566365,61.624,32.937,33.5,5.24,8.62695327102804
2014-12-05,115.0,69.01,63.68,59.95,1.7749523509116738,62.708,32.756,33.3,5.24,8.62695327102804
2014-11-28,132.0,79.21,69.64,66.81,1.873339456220478,70.834,32.848,37.3,5.24,8.62695327102804
2014-11-21,143.0,85.81,77.75,73.69,2.2181159363675955,77.888,32.761,39.0,5.24,8.62695327102804
2014-11-14,144.0,86.41,79.33,75.58,2.302585092994046,79.064,32.817,38.4,5.24,8.62695327102804
2014-11-07,145.5,87.31,77.92,74.21,2.2289385528257473,78.846,32.83,39.3,5.24,8.62695327102804
2014-10-31,146.5,87.91,82.86,77.91,2.152924318439639,80.758,32.751,38.1,5.24,8.62695327102804
2014-10-24,146.5,87.91,86.24,81.12,2.1938856760707046,82.148,32.509,35.4,5.24,8.62695327102804
2014-10-17,144.0,86.41,86.83,82.09,2.2278615467981093,81.722,32.298,35.2,5.24,8.62695327102804
2014-10-10,145.0,87.01,84.47,82.7,2.307572634505085,81.846,32.391,34.5,5.24,8.62695327102804
2014-10-03,152.0,91.21,90.05,85.77,2.2491843162669305,85.702,32.517,37.5,5.24,8.62695327102804
2014-09-26,156.0,93.61,93.42,91.01,2.378619779270043,88.966,32.405,36.9,5.24,8.62695327102804
2014-09-19,163.5,98.11,97.0,92.53,2.4379897300002487,92.518,32.204,35.2,5.24,8.62695327102804
2014-09-12,163.5,98.11,97.7,93.07,2.5626389983283526,93.07,32.27,35.0,5.24,8.62695327102804
2014-09-05,161.0,96.61,98.08,92.83,2.6232182655855123,92.46,32.153,35.6,5.24,8.62695327102804
2014-08-29,165.0,99.01,101.83,94.45,2.6390573296152584,94.858,31.968,33.1,5.24,8.62695327102804
2014-08-22,164.0,98.41,102.46,94.55,2.6803363625346943,94.802,31.882,32.1,5.24,8.62695327102804
2014-08-15,167.5,100.51,102.63,93.96,2.65605490598383,95.768,31.982,33.6,5.24,8.62695327102804
2014-08-08,170.5,102.31,102.01,95.58,2.5967461315435356,96.764,31.917,33.2,5.24,8.62695327102804
2014-08-01,166.5,98.09,105.44,97.34,2.691243082785829,96.424,32.168,32.6,5.24,8.62695327102804
2014-07-25,162.5,95.73,106.02,98.17,2.596000697293587,95.166,31.941,31.9,5.24,8.62695327102804
2014-07-18,168.5,99.27,107.07,102.07,2.681021528714291,98.302,31.761,33.4,5.24,8.62695327102804
2014-07-11,165.0,97.21,105.96,103.19,2.6769034721053733,97.18,32.085,33.0,5.24,8.62695327102804
2014-05-30,155.0,91.32,108.79,102.48,2.65745841498615,94.37,32.644,29.7,5.24,8.62695327102804
2014-05-23,153.0,90.14,109.97,103.58,2.6953026282797072,94.3,32.664,29.3,5.24,8.62695327102804
2014-05-16,157.0,92.49,110.36,103.74,2.6905648867611904,95.666,32.442,30.8,5.24,8.62695327102804
2014-05-09,153.5,90.43,110.44,101.5,2.7013612129514133,94.154,32.44,30.3,5.24,8.62695327102804
2014-03-07,157.0,92.49,107.39,98.2,2.6973262377392344,93.984,32.368,30.0,5.24,8.62695327102804
2014-02-28,154.0,90.73,108.1,101.56,2.716018370751387,93.902,32.27,29.6,5.24,8.62695327102804
2014-02-21,152.5,89.84,108.96,102.4,2.6993457604720636,93.714,32.56,28.7,5.24,8.62695327102804
2014-02-14,151.5,89.25,110.3,102.92,2.6878474937846906,93.734,32.611,28.7,5.24,8.62695327102804
2014-02-07,152.5,88.08,108.73,100.35,2.6946271807700692,92.892,32.48,28.9,5.24,8.62695327102804
2014-01-31,157.5,90.97,107.19,97.84,2.6546494243750947,93.544,32.726,27.5,5.24,8.62695327102804
2014-01-24,156.0,90.1,107.95,98.23,2.6748380668960965,93.358,32.952,27.0,5.24,8.62695327102804
2014-01-10,159.5,92.12,107.09,93.96,2.6748380668960965,93.436,32.854,28.8,5.24,8.62695327102804
2014-01-03,156.5,90.39,106.39,91.66,2.6762154775821916,91.894,33.028,28.4,5.24,8.62695327102804
2013-12-27,155.0,89.53,107.78,95.44,2.727199019940971,92.608,32.639,27.4,14.37,8.62695327102804
2013-08-16,163.0,94.15,109.9,105.03,2.71336936257981,97.432,31.921,32.2,14.37,8.62695327102804
2013-08-09,158.0,91.26,111.11,107.33,2.72785282839839,96.6,31.234,32.9,14.37,8.62695327102804
2013-06-28,159.0,90.11,105.76,101.24,2.67827804276854,94.134,31.029,34.2,14.37,8.62695327102804
2013-06-21,158.0,89.55,102.82,97.05,2.6511270537025893,92.318,31.089,34.1,14.37,8.62695327102804
2013-06-14,154.0,87.28,102.15,95.4,2.6224923127405635,90.52,30.988,33.4,14.37,8.62695327102804
2013-06-07,145.0,82.18,104.25,96.69,2.6946271807700692,88.584,30.939,31.2,14.37,8.62695327102804
2013-05-31,152.5,86.43,103.61,94.76,2.6979998652487085,90.43,30.525,32.6,14.37,8.62695327102804
2013-05-24,155.0,87.85,102.19,93.61,2.7040421797046714,90.718,30.171,33.7,14.37,8.62695327102804
2013-05-17,157.0,88.98,102.44,94.25,2.6993457604720636,91.508,29.888,34.5,14.37,8.62695327102804
2013-05-10,160.0,90.68,103.8,95.16,2.6188546222977394,92.672,29.713,33.7,14.37,8.62695327102804
2013-05-03,158.5,89.83,104.47,96.39,2.6609585935683597,92.7,28.674,33.8,14.37,8.62695327102804
2013-04-26,155.0,87.85,102.85,93.99,2.4449523342809676,90.244,29.326,32.7,14.37,8.62695327102804
2013-04-19,147.0,83.31,103.41,93.64,2.4807312783775197,87.862,28.923,31.7,14.37,8.62695327102804
2013-04-12,143.0,81.05,99.13,87.73,2.449279472144849,84.498,28.8,31.4,14.37,8.62695327102804
2013-04-05,148.0,83.88,104.27,93.51,2.6195832197798796,88.678,29.044,31.7,14.37,8.62695327102804
2013-03-29,147.0,83.31,106.34,93.26,2.5572273113676265,88.562,29.323,32.0,14.37,8.62695327102804
2013-03-22,148.5,84.16,110.02,97.23,2.653241964607215,90.822,29.269,32.4,14.37,8.62695327102804
2013-03-15,146.0,82.75,107.47,92.45,2.6769034721053733,88.642,29.093,33.6,14.37,8.62695327102804
2013-03-01,156.0,88.41,111.15,91.56,2.715356776284648,92.446,29.775,33.9,14.37,8.62695327102804
2013-02-22,158.0,89.55,111.38,92.05,2.698673039289613,93.168,29.791,35.0,14.37,8.62695327102804
2012-07-06,168.62,92.1,101.07,86.08,2.6892071133007303,92.518,31.674,32.9,17.74,8.62695327102804
2012-06-22,164.72,89.97,91.36,77.69,2.6789646202071133,87.662,31.822,32.0,17.74,8.62695327102804
2012-06-15,164.72,89.97,89.23,78.2,2.58851563240702,87.086,31.519,32.1,17.74,8.62695327102804
2012-06-08,163.74,89.44,97.03,83.91,2.6539459421090092,89.666,31.488,32.6,17.74,8.62695327102804
2012-05-11,167.15,91.3,107.49,92.56,2.72785282839839,94.76,31.359,33.2,17.74,8.62695327102804
2011-09-30,145.22,78.08,105.73,82.59,2.670694414558441,85.214,31.098,27.5,13.22,8.62695327102804
2011-09-23,142.79,76.77,103.95,82.14,2.6837575085331657,84.058,31.175,26.3,13.22,8.62695327102804
2011-09-16,154.0,82.8,105.49,80.51,2.715356776284648,87.582,30.837,30.2,13.22,8.62695327102804
